Timestamp,Name,Gender,Job Role,Years of Experience,Department,1. I generally feel happy and satisfied during my workday.,"2.  
I experience positive emotions (enthusiasm, excitement) while performing my tasks.","3.  
I remain calm and composed even under pressure.","4.  Negative emotions (stress, frustration) interfere with my work.",5.  I usually start my workday with a positive mindset.,1.  I feel energized and enthusiastic about my job.,2.  I am fully absorbed in my work most of the time.,"3.  
I often go beyond what is required in my role.",4.  I find my work meaningful and motivating.,5.  I am committed to giving my best at work.,"1.  
I complete my tasks efficiently within deadlines.",2.  I maintain high quality in my work output.,3.  I actively contribute to achieving team goals.,4.  I am consistent in meeting performance expectations.,5.  My performance has improved over the past few months.,1.  I am aware of my organization’s AI-related policies.,2.  The BAN AI policy limits how AI tools can be used in my work.,"3.  
The policy affects my ability to use AI for improving productivity.",4. I believe the BAN AI policy supports ethical and fair workplace Practices.,5.  I feel the BAN AI policy impacts how emotions influence my productivity.,PositiveEmotion,WorkEngagement,Productivity,BANAI
2025/10/12 8:45:28 PM GMT+5,Maira,Female,Non Teaching Staff,Student,Finance,3,3,3,3,4,3,4,4,3,4,5,5,5,4,4,4,4,2,3,3,3.1666666666666665,3.5,4.0,3.4285714285714284
2025/10/12 8:46:36 PM GMT+5,Wajeeha,Female,Teacher,3,Mathematics,4,4,4,2,2,3,3,4,4,3,3,4,4,3,4,3,3,4,4,4,3.3333333333333335,3.25,3.7142857142857144,3.7142857142857144
2025/10/12 8:51:31 PM GMT+5,Armaghan,Male,Teacher,7,Biology,3,4,4,2,3,3,2,3,4,3,3,5,3,2,2,3,4,4,3,5,3.5,3.0,3.4285714285714284,4.0
2025/10/12 8:52:01 PM GMT+5,Faizan Saeed,Male,Non Teaching Staff,4,Finance,4,4,3,4,4,4,3,4,4,4,4,4,3,4,3,4,2,2,2,2,3.5,3.75,3.142857142857143,2.7142857142857144
2025/10/12 8:53:37 PM GMT+5,Mahnoor Arkham,Female,Coordinator,6,Zoology,3,2,3,3,3,3,3,2,2,4,4,3,1,4,4,2,3,2,3,3,2.8333333333333335,3.0,3.0,2.7142857142857144
2025/10/12 8:54:43 PM GMT+5,Fatima Mushtaq,Female,Teacher,14,Urdu,4,2,2,5,4,2,3,4,3,3,2,4,4,4,3,4,4,1,3,4,3.5,2.75,3.142857142857143,3.142857142857143
2025/10/12 8:55:46 PM GMT+5,Marium chohan,Female,Teacher,5,Urdu,3,3,3,3,2,3,4,4,3,2,2,3,4,4,2,3,4,2,4,2,2.6666666666666665,3.0,2.7142857142857144,3.0
2025/10/12 8:57:35 PM GMT+5,Rabia anjum,Female,Teacher,7,English,3,3,2,2,3,4,3,3,5,5,2,3,3,4,3,4,4,3,5,4,2.8333333333333335,4.25,3.142857142857143,3.5714285714285716
2025/10/12 8:58:00 PM GMT+5,Mansoor Shahbaz,Male,Teacher,8,Science,4,4,4,1,4,3,4,5,5,5,4,4,4,5,5,2,5,4,5,5,3.6666666666666665,4.25,4.428571428571429,4.142857142857143
2025/10/12 9:00:26 PM GMT+5,Naheed Saeed,Female,Teacher,6,Urdu,2,2,2,4,3,3,3,2,3,3,1,4,2,4,3,4,4,3,4,3,2.6666666666666665,3.0,2.857142857142857,3.4285714285714284
2025/10/12 9:01:46 PM GMT+5,Samya Zeeshan,Female,Coordinator,9,Urdu,3,3,3,2,3,3,2,3,4,3,4,4,3,4,4,4,3,3,4,5,3.1666666666666665,3.0,3.857142857142857,3.7142857142857144
2025/10/12 9:02:11 PM GMT+5,Aneeq Anjum,Male,Non Teaching Staff,4,Sales,4,3,4,1,3,4,4,5,4,5,3,4,5,4,4,2,2,4,3,3,3.0,4.25,3.857142857142857,3.142857142857143
2025/10/12 9:03:08 PM GMT+5,Nida Saeed,Female,Non Teaching Staff,8,6,3,3,3,2,4,2,3,3,3,4,2,2,4,3,3,2,3,3,2,4,3.1666666666666665,3.0,3.0,2.7142857142857144
2025/10/12 9:04:23 PM GMT+5,Asad,Male,Teacher,6,English,3,4,3,3,1,1,1,4,4,3,2,3,3,4,3,4,3,2,3,4,3.0,2.25,3.0,3.142857142857143
2025/10/12 9:05:17 PM GMT+5,Umme habiba,Female,Non Teaching Staff,6,Maths,4,2,3,3,4,2,1,3,4,4,2,3,4,5,4,4,2,3,5,3,3.1666666666666665,2.75,3.4285714285714284,3.2857142857142856
2025/10/12 9:06:18 PM GMT+5,Soha Ali,Female,Teacher,4,Zoology,2,1,2,5,1,1,1,1,1,2,2,1,2,2,1,1,2,2,2,1,2.0,1.25,1.5714285714285714,1.5714285714285714
2025/10/12 9:07:14 PM GMT+5,Shazia,Female,Coordinator,15,English,2,1,1,4,1,1,2,2,1,1,1,2,2,2,2,2,1,2,2,2,1.8333333333333333,1.25,1.8571428571428572,1.7142857142857142
2025/10/12 9:08:07 PM GMT+5,Faryal,Female,Teacher,7,Education,4,5,4,4,5,4,4,5,4,4,4,4,4,4,4,5,2,2,2,3,4.166666666666667,4.0,3.5714285714285716,3.142857142857143
2025/10/12 9:09:23 PM GMT+5,Zaid Javed,Male,Non Teaching Staff,6,Sales,3,2,4,3,3,2,2,3,4,3,2,3,2,1,4,3,2,4,3,3,3.0,2.75,2.7142857142857144,3.142857142857143
2025/10/12 9:10:31 PM GMT+5,Hareem Shahid,Female,Non Teaching Staff,7,Audit,2,3,3,1,3,1,4,3,3,2,4,3,4,3,4,4,4,3,3,3,2.5,2.5,3.4285714285714284,3.2857142857142856
2025/10/12 9:10:53 PM GMT+5,Ali Sultan,Male,Teacher,3,Urdu,3,4,3,4,4,4,4,5,5,5,4,3,4,5,4,5,2,2,1,1,3.1666666666666665,4.5,3.2857142857142856,2.4285714285714284
2025/10/12 9:11:42 PM GMT+5,Rana Zeeshan,Male,Non Teaching Staff,7,Bussiness man,3,3,2,2,3,3,4,3,3,4,4,3,4,3,3,4,4,4,4,4,2.8333333333333335,3.5,3.5714285714285716,3.5714285714285716
2025/10/12 9:11:52 PM GMT+5,Shanila,Female,Teacher,15,Education,3,4,4,1,1,3,1,1,4,1,1,1,1,1,1,4,4,4,4,4,2.8333333333333335,2.25,1.8571428571428572,3.5714285714285716
2025/10/12 9:13:54 PM GMT+5,Bilal Amjad,Male,Teacher,6,English,2,3,3,3,3,2,3,2,3,3,1,4,1,3,4,4,3,3,3,3,2.8333333333333335,2.75,2.7142857142857144,3.2857142857142856
2025/10/12 9:15:17 PM GMT+5,Bilal Abbas,Male,Non Teaching Staff,8,Lawyer,4,4,3,3,5,3,2,3,2,1,4,4,2,3,2,2,4,3,4,2,3.5,2.0,2.857142857142857,3.142857142857143
2025/10/12 9:16:59 PM GMT+5,Saba aneeq,Female,Coordinator,2,Statistics,3,4,3,2,4,2,4,2,2,1,4,3,5,4,4,3,2,4,3,4,3.3333333333333335,2.25,4.0,3.142857142857143
2025/10/12 9:18:51 PM GMT+5,Muhammad Hanzla,Male,Coordinator,5,Software Dev,4,4,4,2,3,4,2,2,4,5,4,4,4,2,2,4,4,2,4,4,3.5,3.75,3.142857142857143,3.7142857142857144
2025/10/12 9:18:59 PM GMT+5,Salman,Male,Non Teaching Staff,6,Science,1,2,2,4,3,2,1,2,2,3,1,1,1,2,2,1,1,2,1,2,2.3333333333333335,2.0,1.5714285714285714,1.4285714285714286
2025/10/12 9:19:40 PM GMT+5,Huma Bashir,Female,Non Teaching Staff,7,Lawyer,2,3,2,3,3,2,2,4,3,3,4,4,3,4,3,3,3,3,3,5,3.0,2.5,3.7142857142857144,3.2857142857142856
2025/10/12 9:20:10 PM GMT+5,M. Hashim,Male,Teacher,4,IB,4,4,4,4,5,4,2,4,4,4,5,4,5,5,4,4,4,4,4,3,4.0,3.5,4.285714285714286,3.857142857142857
2025/10/12 9:22:00 PM GMT+5,Ali,Male,Coordinator,8,Management,4,5,4,1,5,5,5,4,4,5,4,5,4,4,5,5,4,4,5,4,3.8333333333333335,4.75,4.285714285714286,4.428571428571429
2025/10/12 9:22:11 PM GMT+5,Nimra Ikram,Female,Teacher,4,Computer science,4,4,3,4,5,4,3,4,4,4,4,4,4,5,4,4,4,4,3,4,4.0,3.75,4.142857142857143,3.7142857142857144
2025/10/12 9:22:53 PM GMT+5,Ahmad,Male,Non Teaching Staff,10,Maths,4,5,4,1,4,3,4,4,5,5,4,5,4,5,5,5,5,4,4,4,3.6666666666666665,4.25,4.428571428571429,4.428571428571429
2025/10/12 9:24:04 PM GMT+5,Arham Saad,Male,Coordinator,15,Computer,4,5,4,1,4,5,4,5,4,5,4,4,4,5,4,5,4,4,4,5,3.8333333333333335,4.5,4.285714285714286,4.285714285714286
2025/10/12 9:25:04 PM GMT+5,Ahmad Mir,Male,Teacher,5,Maths,4,3,3,2,3,4,3,3,4,5,5,5,3,5,5,5,4,5,4,5,3.3333333333333335,4.0,4.714285714285714,4.428571428571429
2025/10/12 9:25:40 PM GMT+5,Sumaira Dawood,Female,Teacher,20 years,Teaching,4,5,4,4,5,5,5,5,5,5,5,5,5,5,5,5,5,5,5,3,4.166666666666667,5.0,4.714285714285714,4.571428571428571
2025/10/12 9:26:13 PM GMT+5,Saad Ehtesham,Male,Non Teaching Staff,6,Finance,4,5,4,2,5,5,4,5,4,5,4,5,4,5,4,5,4,5,4,5,4.166666666666667,4.5,4.571428571428571,4.571428571428571
2025/10/12 9:26:28 PM GMT+5,Mariyamjawad,Female,Teacher,9 years,Lahore Grammar School,4,4,2,1,2,2,4,4,4,5,5,5,5,5,5,4,4,4,4,4,2.8333333333333335,3.75,4.714285714285714,3.857142857142857
2025/10/12 9:27:37 PM GMT+5,Hammad Amir,Male,Teacher,2 years,Computer science,4,4,4,2,4,4,4,4,4,5,4,4,4,5,5,4,3,4,4,4,3.6666666666666665,4.25,4.285714285714286,3.857142857142857
2025/10/12 9:28:51 PM GMT+5,Hamza,Male,Non Teaching Staff,Consultant,Software Development,4,4,1,4,4,1,2,4,4,4,4,4,4,2,2,4,2,4,4,4,3.5,2.75,3.4285714285714284,3.2857142857142856
2025/10/12 9:32:45 PM GMT+5,Mehmood,Male,Teacher,4year,Physics,4,4,4,4,4,4,4,4,4,4,4,4,4,3,4,4,4,4,4,4,4.0,4.0,3.857142857142857,4.0
2025/10/12 9:35:33 PM GMT+5,Saima Batool,Female,Teacher,6 years,Lahore Grammar school,3,4,2,4,4,4,4,4,4,5,4,4,4,4,4,4,4,4,4,4,3.5,4.25,4.0,3.7142857142857144
2025/10/12 9:39:40 PM GMT+5,tayyaba Airangzeb,Female,Teacher,4uears,Scoence,3,4,3,2,4,4,4,4,4,4,4,4,4,3,4,4,4,4,3,4,3.3333333333333335,4.0,3.857142857142857,3.7142857142857144
2025/10/12 9:42:24 PM GMT+5,Sadaf Sohaib,Female,Teacher,10 years,LGS,4,5,4,2,5,5,5,5,5,5,5,5,5,5,5,5,4,4,4,3,3.8333333333333335,5.0,4.571428571428571,4.142857142857143
2025/10/12 9:42:48 PM GMT+5,Saima khalid,Female,Teacher,4,Teaching middle years,5,4,5,1,5,5,5,5,5,5,5,5,5,5,5,5,1,1,1,5,4.166666666666667,5.0,4.428571428571429,3.2857142857142856
2025/10/12 9:48:04 PM GMT+5,Shane Raza,Male,Coordinator,10,Mathematics,5,5,2,5,3,2,2,3,1,5,4,2,5,3,2,5,5,2,1,5,4.166666666666667,2.5,3.2857142857142856,3.142857142857143
2025/10/12 9:50:50 PM GMT+5,Muhammad Salman,Male,Non Teaching Staff,5,NESPAK,3,4,5,3,5,4,5,5,5,5,4,5,5,5,5,5,5,5,5,5,4.166666666666667,4.75,4.857142857142857,5.0
2025/10/12 9:50:52 PM GMT+5,Faseeh,Male,Teacher,5 year’s,Computer science,5,4,3,3,5,4,4,4,5,5,4,5,5,5,4,5,5,5,5,5,4.166666666666667,4.5,4.714285714285714,4.714285714285714
2025/10/12 9:52:29 PM GMT+5,Amna,Female,Teacher,12 years,Primary teacher,3,4,2,4,5,4,3,4,4,5,5,4,4,3,4,4,1,4,3,3,3.5,4.0,3.857142857142857,3.0
2025/10/12 9:54:04 PM GMT+5,Huda Sheikh,Female,Teacher,3 years,Maths,4,4,4,5,4,4,4,2,4,4,4,4,4,4,4,4,4,4,4,4,4.166666666666667,4.0,4.0,4.0
2025/10/12 9:54:13 PM GMT+5,Kathy Ali,Male,Teacher,1,Biology,2,3,5,4,4,2,1,2,4,4,3,5,2,3,5,3,1,5,5,3,3.5,2.75,3.7142857142857144,3.857142857142857
2025/10/12 9:55:35 PM GMT+5,Jawad,Male,Teacher,3 year,Class10,4,3,1,3,4,4,4,4,4,4,4,4,4,4,4,4,4,4,4,4,3.1666666666666665,4.0,4.0,3.5714285714285716
2025/10/12 9:57:34 PM GMT+5,Zohaib,Male,Teacher,2,Computer science,5,5,4,1,4,5,4,4,5,4,5,4,4,5,5,5,4,5,2,4,3.8333333333333335,4.5,4.571428571428571,4.0
2025/10/12 10:00:05 PM GMT+5,John Javed,Male,Non Teaching Staff,4,English,5,5,4,2,3,5,1,1,2,1,4,1,2,4,3,5,4,5,1,2,3.5,2.25,3.0,3.142857142857143
2025/10/12 10:00:51 PM GMT+5,Brittney Rafi,Female,Teacher,24,Computer Science,4,2,1,3,3,5,1,1,1,5,2,1,4,3,3,1,4,3,2,3,2.6666666666666665,3.0,2.7142857142857144,2.142857142857143
2025/10/12 10:01:38 PM GMT+5,Susan Butt,Female,Teacher,14,Chemistry,3,5,5,3,1,3,3,1,1,3,4,1,2,5,2,2,1,2,5,5,3.6666666666666665,2.5,3.0,3.0
2025/10/12 10:02:26 PM GMT+5,Jacob Malik,Female,Teacher,25,Computer Science,1,3,5,1,3,2,3,1,1,5,5,5,4,3,1,3,5,5,3,3,2.6666666666666665,2.75,3.7142857142857144,4.142857142857143
2025/10/12 10:02:28 PM GMT+5,Hamza Bajwa,Male,Teacher,5 year’s,Pharmacy,4,4,4,2,4,4,4,4,4,4,4,4,4,4,4,4,4,4,4,4,3.6666666666666665,4.0,4.0,4.0
2025/10/12 10:02:42 PM GMT+5,Ali shahbaz,Male,Coordinator,1,GIS,4,3,5,2,3,4,2,2,3,4,4,3,2,2,2,3,3,4,4,4,3.5,3.25,3.0,3.7142857142857144
2025/10/12 10:03:12 PM GMT+5,Eddie Malik,Male,Non Teaching Staff,16,Biology,3,5,3,2,4,3,2,1,4,1,2,1,2,2,5,3,2,3,1,5,3.6666666666666665,2.5,2.857142857142857,2.5714285714285716
2025/10/12 10:04:00 PM GMT+5,Kathleen Butt,Male,Non Teaching Staff,3,Mathematics,5,3,3,5,5,5,2,2,4,3,4,4,4,1,4,3,4,3,5,1,3.6666666666666665,3.5,3.0,3.2857142857142856
2025/10/12 10:04:34 PM GMT+5,Shazia,Female,Teacher,25,Lahore Grammar School,4,5,5,3,4,4,4,4,4,4,5,5,5,5,5,4,4,4,4,4,4.166666666666667,4.0,4.714285714285714,4.285714285714286
2025/10/12 10:04:48 PM GMT+5,Stacy Sana,Female,Non Teaching Staff,23,Biology,2,3,5,1,2,4,3,5,4,5,4,4,5,4,4,3,3,2,4,1,2.3333333333333335,4.0,3.4285714285714284,3.142857142857143
2025/10/12 10:05:36 PM GMT+5,Maria Rafi,Female,Non Teaching Staff,16,Biology,2,4,4,4,3,5,4,4,3,5,4,4,3,2,2,1,4,2,5,5,3.6666666666666665,4.25,3.142857142857143,3.5714285714285716
2025/10/12 10:06:08 PM GMT+5,Anas,Male,Teacher,6years,12class,4,4,4,2,4,4,4,4,4,4,4,4,4,4,4,4,4,4,4,4,3.6666666666666665,4.0,4.0,4.0
2025/10/12 10:07:18 PM GMT+5,Sheri Zafar,Female,Non Teaching Staff,19,Mathematics,3,2,4,1,5,5,2,3,3,2,5,3,2,3,5,1,2,2,1,1,2.6666666666666665,3.0,3.0,2.0
2025/10/12 10:08:39 PM GMT+5,James Javed,Female,Teacher,7,English,4,4,4,5,3,1,2,1,3,3,1,1,4,3,4,5,2,1,5,5,4.166666666666667,2.25,2.7142857142857144,3.2857142857142856
2025/10/12 10:10:00 PM GMT+5,Pamela Jamal,Male,Non Teaching Staff,21,Physics,4,3,2,3,2,1,4,4,4,5,3,3,2,1,2,4,2,2,3,3,2.8333333333333335,3.5,2.2857142857142856,2.7142857142857144
2025/10/12 10:10:51 PM GMT+5,Junaid Shahbaz,Male,Teacher,5 years,Science,3,4,4,1,5,4,4,4,3,4,5,4,4,4,4,4,4,4,4,3,3.3333333333333335,3.75,4.0,3.857142857142857
2025/10/12 10:11:19 PM GMT+5,Julie Rafi,Female,Teacher,19,Economics,4,5,5,3,3,4,2,5,2,4,5,5,1,1,2,2,5,3,1,4,4.0,3.0,3.0,3.5714285714285716
2025/10/12 10:12:37 PM GMT+5,Jessica Khan,Male,Coordinator,18,Physics,2,2,5,4,4,2,3,5,4,1,3,1,3,1,4,5,2,2,2,1,3.0,2.5,2.142857142857143,2.5714285714285716
2025/10/12 10:14:03 PM GMT+5,John Farooq,Female,Coordinator,12,Economics,5,4,3,2,5,1,2,4,4,4,1,1,4,5,2,3,1,4,3,1,3.3333333333333335,2.75,2.5714285714285716,2.2857142857142856
2025/10/12 10:14:11 PM GMT+5,Usama Rab Nawaz,Male,Coordinator,10,Sales,4,4,3,2,5,4,4,3,5,5,4,4,3,2,4,4,4,5,2,2,3.3333333333333335,4.5,3.4285714285714284,3.4285714285714284
2025/10/12 10:15:22 PM GMT+5,Robert Ahmed,Male,Coordinator,24,English,2,4,4,2,2,4,1,2,5,2,3,1,1,1,3,1,1,4,1,5,3.1666666666666665,3.0,2.5714285714285716,2.4285714285714284
2025/10/12 10:16:42 PM GMT+5,Danielle Butt,Male,Teacher,12,Physics,1,5,2,3,5,1,2,5,2,3,5,1,4,3,3,1,1,3,3,5,3.5,2.0,3.4285714285714284,2.2857142857142856
2025/10/12 10:18:31 PM GMT+5,Arooj salman,Female,Non Teaching Staff,4,Designing,3,4,2,2,3,4,2,3,4,3,4,4,3,3,3,4,4,4,4,3,2.8333333333333335,3.25,3.4285714285714284,3.5714285714285716
2025/10/12 10:21:43 PM GMT+5,Rabia Nawaz,Male,Non Teaching Staff,11,Physics,1,1,4,5,3,4,4,5,1,5,4,3,1,1,2,4,2,4,4,1,2.5,3.5,2.2857142857142856,3.142857142857143
2025/10/12 10:22:40 PM GMT+5,Farhana Zahid,Female,Coordinator,25,Education,5,5,3,3,5,5,5,5,5,5,4,4,5,5,4,5,4,3,3,3,4.0,5.0,4.0,3.5714285714285716
2025/10/12 10:23:04 PM GMT+5,Asad Raza,Male,Teacher,10,Mathematics,3,4,3,4,5,5,2,2,4,5,5,1,4,2,5,1,5,1,2,3,3.6666666666666665,4.0,3.0,2.2857142857142856
2025/10/12 10:24:23 PM GMT+5,Waqas Khurshid,Female,Non Teaching Staff,23,Biology,2,1,5,4,4,4,2,2,4,2,4,5,1,4,2,3,2,5,4,4,3.3333333333333335,3.0,3.5714285714285716,4.0
2025/10/12 10:25:40 PM GMT+5,Sidra Nawaz,Female,Non Teaching Staff,3,Economics,1,1,2,1,2,1,4,2,4,4,4,1,4,5,4,2,2,1,5,1,1.3333333333333333,3.25,2.857142857142857,2.0
2025/10/12 10:26:55 PM GMT+5,Zubair Aslam,Male,Coordinator,21,Computer Science,1,1,4,4,4,3,3,3,2,5,2,4,1,3,5,5,5,4,2,2,2.6666666666666665,3.25,3.0,3.7142857142857144
2025/10/12 10:28:15 PM GMT+5,Imran Aslam,Female,Non Teaching Staff,0,English,1,5,5,4,2,5,5,1,1,3,4,2,4,1,2,5,4,2,2,3,3.3333333333333335,3.5,2.5714285714285716,3.2857142857142856
2025/10/12 10:28:42 PM GMT+5,Ali Raza,Male,Coordinator,1,Computer Science,4,4,4,4,4,4,2,4,4,4,4,4,4,4,4,4,4,4,4,4,4.0,3.5,4.0,4.0
2025/10/12 10:29:34 PM GMT+5,Noor Bhatti,Male,Non Teaching Staff,12,Physics,4,2,1,1,2,3,1,2,3,3,5,5,3,2,1,3,2,3,5,3,2.1666666666666665,2.5,3.142857142857143,3.142857142857143
2025/10/12 10:32:46 PM GMT+5,Noor Abbasi,Female,Non Teaching Staff,2,Computer Science,3,1,1,5,1,3,4,1,5,5,2,3,1,4,1,4,2,2,5,5,2.6666666666666665,4.25,2.5714285714285716,3.142857142857143
2025/10/12 10:33:06 PM GMT+5,Narmeen,Female,Teacher,7,Geography,3,4,1,5,5,5,3,5,4,3,2,2,3,4,5,2,3,3,3,4,3.6666666666666665,3.75,3.2857142857142856,2.5714285714285716
2025/10/12 10:33:52 PM GMT+5,Kinza,Female,Teacher,19,Geography,3,4,5,2,5,3,3,2,2,4,1,2,2,4,5,4,4,3,3,3,3.6666666666666665,3.0,2.857142857142857,3.4285714285714284
2025/10/12 10:34:05 PM GMT+5,Ammar Butt,Male,Teacher,19,English,5,4,1,4,2,5,5,5,4,3,3,5,4,1,1,2,1,1,5,4,3.3333333333333335,4.25,2.7142857142857144,2.7142857142857144
2025/10/12 10:34:40 PM GMT+5,Matheira,Female,Teacher,15,Chemical engineering,3,4,3,2,4,2,3,3,4,4,3,5,5,5,4,2,2,3,2,1,2.8333333333333335,3.25,3.7142857142857144,2.5714285714285716
2025/10/12 10:35:25 PM GMT+5,Omar Abbasi,Male,Teacher,13,English,3,5,4,3,5,5,3,2,2,3,4,1,5,2,2,4,2,5,3,2,3.6666666666666665,3.25,3.0,3.0
2025/10/12 10:35:34 PM GMT+5,Hania,Female,Non Teaching Staff,6,Law,3,4,3,2,4,1,1,3,5,5,4,5,4,4,3,1,1,1,3,3,3.1666666666666665,3.0,3.4285714285714284,2.4285714285714284
2025/10/12 10:36:30 PM GMT+5,Hanis farhan,Male,Non Teaching Staff,8,Finance,1,2,2,4,3,4,5,5,5,5,2,2,3,3,4,4,5,5,5,5,2.8333333333333335,4.75,3.4285714285714284,4.0
2025/10/12 10:36:40 PM GMT+5,Aalia Bhatti,Female,Non Teaching Staff,24,Biology,4,2,5,3,5,5,5,5,2,2,4,1,1,1,3,2,5,4,2,5,4.0,3.5,2.7142857142857144,3.4285714285714284
2025/10/12 10:37:50 PM GMT+5,Rizza Arham,Female,Teacher,17,Zoology,3,4,5,1,5,2,3,3,4,5,3,4,4,5,5,2,1,3,4,4,3.6666666666666665,3.5,4.0,3.2857142857142856
2025/10/12 10:37:59 PM GMT+5,Shazia Hashmi,Female,Non Teaching Staff,9,Biology,2,5,4,3,3,2,5,2,1,1,3,3,4,5,5,2,5,4,3,1,3.0,2.25,3.5714285714285716,3.142857142857143
2025/10/12 10:38:54 PM GMT+5,Burhan,Male,Non Teaching Staff,17,Sales,4,4,5,1,3,1,2,2,2,4,3,3,3,3,4,4,4,2,1,4,3.5,2.25,3.142857142857143,3.2857142857142856
2025/10/12 10:39:18 PM GMT+5,Ayesha Nawaz,Female,Coordinator,12,Physics,5,3,1,1,4,5,5,2,4,2,2,3,4,1,2,4,5,5,5,1,2.5,4.0,2.5714285714285716,3.4285714285714284
2025/10/12 10:40:38 PM GMT+5,Sidra Mirza,Male,Teacher,11,Chemistry,3,4,2,5,3,1,4,4,4,3,5,5,5,2,1,3,5,1,3,2,3.1666666666666665,3.0,3.0,3.0
2025/10/12 10:40:53 PM GMT+5,Ghania,Female,Non Teaching Staff,17,Audit,2,2,3,3,3,4,4,2,1,4,3,3,3,2,2,4,2,4,3,3,2.6666666666666665,3.25,2.857142857142857,3.142857142857143
2025/10/12 10:41:58 PM GMT+5,Zain Mirza,Female,Teacher,23,Computer Science,2,1,2,5,5,2,2,3,5,3,2,3,5,2,1,4,2,5,4,3,3.0,3.0,3.0,3.2857142857142856
2025/10/12 10:43:13 PM GMT+5,Noreen Raza,Male,Coordinator,0,Physics,3,5,4,4,2,2,3,2,3,1,2,1,5,1,5,2,1,3,5,4,3.6666666666666665,2.25,3.0,2.857142857142857
2025/10/12 10:43:57 PM GMT+5,Ibrahim,Male,Non Teaching Staff,7,Audit,3,2,4,2,4,4,4,3,3,2,5,4,2,5,4,4,3,4,4,3,3.0,3.25,3.857142857142857,3.7142857142857144
2025/10/12 10:44:12 PM GMT+5,Samreen,Female,Teacher,10years,Mathematics,5,4,4,4,5,4,4,4,4,4,4,4,4,4,4,3,4,4,5,5,4.5,4.0,4.142857142857143,4.142857142857143
2025/10/12 10:44:29 PM GMT+5,Shahzad Zaidi,Male,Teacher,0,Mathematics,2,2,1,2,5,4,4,4,2,4,5,3,1,1,5,4,3,5,2,4,2.6666666666666665,3.5,3.4285714285714284,3.142857142857143
2025/10/12 10:45:11 PM GMT+5,Syed M Yousuf Abbasi,Male,Teacher,4 Years,The Ali Garh School,4,5,4,3,5,5,4,4,5,5,5,4,5,3,4,3,4,5,5,5,4.333333333333333,4.75,4.428571428571429,4.285714285714286
2025/10/12 10:45:47 PM GMT+5,Noor Siddiqui,Male,Non Teaching Staff,1,English,1,4,2,4,4,1,5,2,4,4,5,2,3,3,4,4,2,5,2,5,3.3333333333333335,3.5,3.857142857142857,3.142857142857143
2025/10/12 10:46:04 PM GMT+5,Zarpash Khan,Female,Non Teaching Staff,7,Dermatologist,3,4,4,2,4,3,2,3,4,4,3,3,2,3,2,4,3,2,3,2,3.1666666666666665,3.25,2.4285714285714284,3.0
2025/10/12 10:47:05 PM GMT+5,Zara Aziz,Female,Teacher,25,Mathematics,4,5,1,2,1,2,3,2,1,1,1,4,3,1,3,3,1,1,2,4,2.8333333333333335,1.75,2.4285714285714284,2.2857142857142856
2025/10/12 10:47:25 PM GMT+5,Sahab Rashid,Female,Teacher,4,Arts,4,5,4,1,5,4,5,5,4,5,4,4,5,4,5,4,5,5,5,4,3.8333333333333335,4.5,4.428571428571429,4.428571428571429
2025/10/12 10:48:19 PM GMT+5,Khalid Shah,Female,Teacher,20,English,2,4,5,4,4,1,2,3,1,2,4,1,3,3,1,2,1,4,3,3,3.6666666666666665,1.5,2.7142857142857144,2.7142857142857144
2025/10/12 10:48:44 PM GMT+5,Umair Shafique,Male,Non Teaching Staff,6,Computer Science,1,2,3,2,2,2,2,2,3,2,2,3,2,4,4,4,5,3,3,3,2.1666666666666665,2.25,3.0,3.4285714285714284
2025/10/12 10:49:31 PM GMT+5,Ali Javed,Female,Coordinator,15,Mathematics,2,4,2,2,1,4,1,3,1,4,4,1,2,3,2,2,4,4,2,5,2.6666666666666665,2.5,3.0,2.857142857142857
2025/10/12 10:49:42 PM GMT+5,Rab Nawaz,Male,Teacher,9,Urdu,5,4,5,2,5,4,4,5,4,5,4,4,4,5,5,4,4,4,5,4,4.166666666666667,4.25,4.285714285714286,4.285714285714286
2025/10/12 10:50:43 PM GMT+5,Hina Khan,Male,Teacher,24,Physics,4,1,5,5,1,5,4,5,5,2,3,3,4,4,4,2,5,4,1,2,3.0,4.0,3.4285714285714284,3.142857142857143
2025/10/12 10:51:09 PM GMT+5,Shoaib Malik,Male,Coordinator,15,Business,5,4,5,2,4,5,5,4,5,4,5,4,5,4,5,4,4,5,5,5,4.166666666666667,4.75,4.714285714285714,4.571428571428571
2025/10/12 10:51:57 PM GMT+5,Saim Chaudhry,Female,Teacher,19,Computer Science,3,3,5,2,4,4,1,5,4,5,4,2,2,1,1,5,4,1,1,5,3.6666666666666665,3.5,2.2857142857142856,3.2857142857142856
2025/10/12 10:52:58 PM GMT+5,Adnan khan,Male,Non Teaching Staff,8,Sales,5,4,4,1,4,4,5,4,5,5,4,4,5,4,4,5,4,5,4,5,3.8333333333333335,4.75,4.428571428571429,4.428571428571429
2025/10/12 10:53:12 PM GMT+5,Noor Butt,Male,Teacher,18,Mathematics,4,3,3,3,3,5,1,3,3,1,1,2,4,4,5,3,4,5,3,4,3.3333333333333335,2.5,3.5714285714285716,3.4285714285714284
2025/10/12 10:54:21 PM GMT+5,Asad Siddiqui,Male,Non Teaching Staff,22,Mathematics,1,1,5,4,4,4,1,5,5,2,1,4,2,3,4,4,1,5,1,1,2.6666666666666665,3.0,2.857142857142857,3.0
2025/10/12 10:55:33 PM GMT+5,Sarmad Shah,Male,Coordinator,14,Economics,5,4,4,2,5,5,4,1,2,1,4,1,5,5,1,5,5,3,2,5,4.166666666666667,3.0,3.4285714285714284,3.5714285714285716
2025/10/12 10:56:07 PM GMT+5,Khuwaja fasih,Male,Teacher,17,Tax,3,2,2,3,5,3,3,3,3,4,3,3,4,4,2,4,3,2,1,4,3.1666666666666665,3.25,3.142857142857143,2.7142857142857144
2025/10/12 10:56:44 PM GMT+5,Rabia Butt,Female,Non Teaching Staff,8,Biology,5,1,5,4,2,2,1,1,2,4,4,2,1,4,5,5,2,2,2,5,3.6666666666666665,2.25,3.2857142857142856,3.2857142857142856
2025/10/12 10:56:46 PM GMT+5,Haider Waleed,Male,Coordinator,10,Urdu,5,4,5,2,5,4,5,4,5,4,5,4,5,4,5,5,5,5,5,5,4.333333333333333,4.5,4.714285714285714,4.857142857142857
2025/10/12 10:57:57 PM GMT+5,Saim Shah,Female,Non Teaching Staff,21,Economics,2,2,2,1,3,2,1,2,4,3,1,5,1,3,2,4,1,5,1,4,2.3333333333333335,2.5,3.0,3.142857142857143
2025/10/12 10:59:10 PM GMT+5,Sidra Bhatti,Female,Non Teaching Staff,13,Economics,1,5,5,1,3,5,1,3,1,4,2,5,4,3,5,2,1,5,1,4,3.1666666666666665,2.75,4.0,3.2857142857142856
2025/10/12 11:00:21 PM GMT+5,Zara Abbasi,Female,Coordinator,9,Chemistry,5,1,5,2,5,3,2,3,3,1,2,4,1,3,1,5,1,5,3,5,3.8333333333333335,2.25,3.0,4.0
2025/10/12 11:01:34 PM GMT+5,Hassan Raza,Male,Coordinator,2,Mathematics,4,4,2,1,5,2,4,2,3,5,3,4,5,1,2,3,5,2,1,5,3.5,3.5,3.142857142857143,3.142857142857143
2025/10/12 11:02:45 PM GMT+5,Hassan Paracha,Female,Teacher,9,Biology,5,5,1,5,2,2,3,3,1,1,1,3,3,5,2,2,1,5,5,2,3.3333333333333335,1.75,3.0,2.7142857142857144
2025/10/12 11:03:58 PM GMT+5,Zara Farooq,Male,Non Teaching Staff,1,Mathematics,1,5,5,5,5,4,3,5,3,4,1,3,5,2,4,2,4,5,5,3,4.0,3.5,3.2857142857142856,3.857142857142857
2025/10/12 11:05:11 PM GMT+5,Maryam Hussain,Female,Non Teaching Staff,24,English,3,2,2,4,4,1,3,4,1,3,3,1,5,1,5,1,4,4,5,3,3.0,2.0,3.142857142857143,2.857142857142857
2025/10/12 11:06:25 PM GMT+5,Imran Anwar,Male,Teacher,19,Biology,4,4,2,3,2,3,2,3,1,2,5,3,2,1,2,3,2,2,1,2,2.8333333333333335,2.0,2.4285714285714284,2.142857142857143
2025/10/12 11:07:38 PM GMT+5,Zainab Aslam,Female,Coordinator,9,Biology,4,4,4,3,3,2,1,2,4,5,2,1,4,1,1,3,2,4,1,2,3.3333333333333335,3.0,2.142857142857143,2.4285714285714284
2025/10/12 11:08:49 PM GMT+5,Waqar Abbasi,Male,Coordinator,21,Computer Science,3,4,4,5,4,3,1,2,1,3,5,4,4,4,1,3,3,5,4,1,3.5,2.0,3.4285714285714284,3.4285714285714284
2025/10/12 11:10:03 PM GMT+5,Noor Chaudhry,Male,Coordinator,25,Biology,4,4,3,5,5,3,1,4,5,4,1,4,1,3,5,1,3,2,5,5,4.333333333333333,3.25,3.0,3.2857142857142856
2025/10/12 11:11:14 PM GMT+5,Sohail Siddiqui,Male,Coordinator,9,Physics,5,4,2,3,5,3,2,1,4,3,4,1,4,4,5,4,1,2,5,3,3.6666666666666665,3.0,3.2857142857142856,2.5714285714285716
2025/10/12 11:12:23 PM GMT+5,Hamza Bhatti,Female,Non Teaching Staff,8,Physics,5,4,2,5,5,3,2,4,1,4,3,4,1,3,3,4,3,1,5,5,4.333333333333333,2.5,2.857142857142857,3.4285714285714284
2025/10/12 11:13:34 PM GMT+5,Hassan Paracha,Male,Coordinator,7,Mathematics,4,1,3,2,4,5,5,1,4,1,1,3,1,5,2,2,2,4,3,5,3.1666666666666665,3.75,3.0,3.142857142857143
2025/10/12 11:14:45 PM GMT+5,Waqas Chaudhry,Male,Non Teaching Staff,3,English,3,5,1,4,3,3,4,5,1,3,5,2,4,3,4,4,5,4,4,3,3.1666666666666665,2.75,3.5714285714285716,3.2857142857142856
2025/10/12 11:16:00 PM GMT+5,Quratulain Saeed,Female,Coordinator,18,Computer Science,5,2,3,1,2,4,4,2,3,2,1,5,1,4,3,3,1,2,2,1,2.3333333333333335,3.25,2.4285714285714284,2.4285714285714284
2025/10/12 11:17:14 PM GMT+5,Amna Bhatti,Male,Non Teaching Staff,17,Chemistry,4,5,1,1,2,2,2,3,3,1,5,5,5,4,3,1,4,3,4,3,2.6666666666666665,2.0,4.0,3.0
2025/10/12 11:18:27 PM GMT+5,Rida Abbasi,Female,Coordinator,8,Physics,3,3,3,1,5,5,5,1,2,4,5,4,5,3,3,4,1,5,3,2,2.8333333333333335,4.0,3.857142857142857,3.142857142857143
2025/10/12 11:19:39 PM GMT+5,Noman Raza,Male,Non Teaching Staff,22,Mathematics,4,5,2,1,4,1,5,4,5,4,3,3,2,1,3,4,2,5,1,4,3.3333333333333335,3.75,3.0,3.0
2025/10/12 11:20:50 PM GMT+5,Nadeem Saeed,Male,Coordinator,11,Mathematics,2,1,2,1,4,4,3,5,1,2,4,1,1,3,1,5,2,3,3,4,2.3333333333333335,2.5,2.4285714285714284,2.857142857142857
2025/10/12 11:21:58 PM GMT+5,Rida Butt,Female,Teacher,2,Computer Science,2,4,3,2,1,5,5,4,2,5,2,2,3,2,5,5,3,3,1,3,2.5,4.25,2.857142857142857,2.857142857142857
2025/10/12 11:23:10 PM GMT+5,Mahnoor Siddiqui,Male,Teacher,15,Computer Science,1,2,4,1,4,5,5,3,1,2,2,4,1,5,2,5,5,3,3,1,2.1666666666666665,3.25,2.5714285714285716,3.5714285714285716
2025/10/12 11:24:19 PM GMT+5,Ahmed Rafiq,Female,Coordinator,16,Economics,3,4,5,3,5,1,5,2,4,4,3,4,1,4,5,1,1,5,2,1,3.5,3.5,3.2857142857142856,2.7142857142857144
2025/10/12 11:25:30 PM GMT+5,Aalia Siddiqui,Male,Non Teaching Staff,4,Biology,4,4,1,2,2,2,1,2,2,3,4,3,1,4,1,2,1,5,3,1,2.3333333333333335,2.0,2.7142857142857144,2.2857142857142856
2025/10/12 11:26:42 PM GMT+5,Rida Aziz,Female,Non Teaching Staff,15,Biology,5,2,1,3,3,4,1,3,5,1,2,5,4,4,2,4,1,3,4,2,2.6666666666666665,2.75,3.142857142857143,2.857142857142857
2025/10/12 11:27:55 PM GMT+5,Komal Javed,Male,Teacher,4,Physics,3,1,3,3,5,5,1,2,1,4,1,4,4,4,3,5,5,5,4,1,2.6666666666666665,2.75,3.142857142857143,3.857142857142857
2025/10/12 11:29:07 PM GMT+5,Omar Qureshi,Female,Non Teaching Staff,17,Chemistry,3,3,2,5,2,5,4,1,2,5,1,1,2,1,5,2,5,2,3,1,2.6666666666666665,4.0,1.8571428571428572,2.2857142857142856
2025/10/12 11:30:19 PM GMT+5,Ammar Hashmi,Male,Teacher,24,Mathematics,3,2,1,4,2,3,4,5,3,4,1,5,4,5,2,2,3,1,2,4,2.6666666666666665,3.5,3.142857142857143,2.5714285714285716
2025/10/12 11:31:30 PM GMT+5,Sumaira Ahmed,Female,Non Teaching Staff,0,Computer Science,2,4,5,1,4,1,1,5,2,5,1,2,1,4,5,2,1,1,3,5,3.5,2.25,2.7142857142857144,2.7142857142857144
2025/10/12 11:32:45 PM GMT+5,Farah Malik,Female,Coordinator,9,Chemistry,1,4,1,1,2,1,5,1,1,4,1,2,2,4,5,2,5,4,5,5,2.3333333333333335,2.75,3.2857142857142856,3.4285714285714284
2025/10/12 11:33:55 PM GMT+5,Shahzad Paracha,Female,Teacher,22,Economics,3,3,1,1,2,4,5,4,4,4,5,4,1,5,1,2,5,3,3,2,2.0,4.25,3.0,2.857142857142857
2025/10/12 11:35:05 PM GMT+5,Sohail Rehman,Female,Non Teaching Staff,22,Chemistry,2,5,3,1,4,5,4,2,2,2,4,3,3,1,2,1,2,2,1,3,3.0,3.25,2.5714285714285716,2.142857142857143
2025/10/12 11:36:16 PM GMT+5,Farah Anwar,Male,Coordinator,8,Biology,4,1,4,4,1,4,2,2,5,4,3,4,2,5,2,4,4,1,3,3,2.8333333333333335,3.75,2.857142857142857,3.2857142857142856
2025/10/12 11:37:28 PM GMT+5,Faisal Aslam,Male,Teacher,5,Chemistry,5,5,2,4,3,3,4,4,5,5,4,5,1,3,4,4,5,4,2,4,3.8333333333333335,4.25,3.5714285714285716,3.7142857142857144
2025/10/12 11:38:41 PM GMT+5,Noreen Rehman,Male,Teacher,17,Physics,5,2,3,2,3,3,2,4,1,4,3,3,1,5,1,4,5,2,2,1,2.6666666666666665,2.5,2.2857142857142856,2.857142857142857
2025/10/12 11:39:54 PM GMT+5,Rabia Nawaz,Male,Coordinator,17,Mathematics,3,4,3,4,2,4,5,4,3,5,3,4,4,1,1,2,4,5,5,2,3.0,4.25,2.857142857142857,3.5714285714285716
2025/10/12 11:41:04 PM GMT+5,Imran Siddiqui,Male,Teacher,19,Biology,5,4,3,4,1,3,2,3,4,3,1,4,2,5,1,5,4,1,1,2,3.1666666666666665,3.0,2.2857142857142856,2.857142857142857
2025/10/12 11:42:15 PM GMT+5,Noman Chaudhry,Female,Teacher,16,Chemistry,2,4,2,5,1,2,1,2,5,1,4,4,1,5,2,2,4,1,3,5,3.1666666666666665,2.25,3.142857142857143,3.0
2025/10/12 11:43:27 PM GMT+5,Saim Malik,Male,Teacher,15,Computer Science,2,5,5,2,1,1,4,2,5,2,2,2,3,3,1,5,5,1,1,3,3.0,3.0,2.142857142857143,3.142857142857143
2025/10/12 11:44:39 PM GMT+5,Saim Javed,Male,Non Teaching Staff,25,Economics,2,3,5,4,1,2,3,4,3,5,4,2,2,4,1,5,3,5,5,4,3.1666666666666665,3.25,3.142857142857143,4.142857142857143
2025/10/12 11:45:50 PM GMT+5,Rabia Siddiqui,Male,Teacher,10,Chemistry,2,3,5,3,4,3,3,2,1,1,3,5,4,1,2,3,4,4,3,1,3.0,2.0,2.857142857142857,3.5714285714285716
2025/10/12 11:47:02 PM GMT+5,Quratulain Qureshi,Female,Coordinator,6,Physics,4,3,2,1,1,3,1,2,1,3,2,5,2,5,5,1,5,1,2,3,2.3333333333333335,2.0,3.2857142857142856,2.7142857142857144
2025/10/12 11:48:15 PM GMT+5,Amna Khalid,Male,Teacher,12,Mathematics,5,5,2,2,1,1,3,1,5,1,4,1,3,3,5,3,3,5,5,3,3.0,2.5,3.4285714285714284,3.142857142857143
2025/10/12 11:49:31 PM GMT+5,Sana Rafiq,Male,Coordinator,7,Computer Science,3,2,2,2,5,1,4,2,2,5,1,4,1,3,1,5,1,3,1,2,2.6666666666666665,3.0,2.142857142857143,2.5714285714285716
2025/10/12 11:50:42 PM GMT+5,Usman Aziz,Female,Teacher,0,Biology,1,3,4,3,5,2,2,3,1,5,2,1,2,3,1,2,3,2,1,1,2.8333333333333335,2.5,1.7142857142857142,2.0
2025/10/12 11:51:06 PM GMT+5,Jannat,Female,Teacher,2,Maths,2,2,1,1,3,2,2,4,1,4,4,4,4,4,5,3,3,3,3,3,2.0,2.25,3.857142857142857,2.857142857142857
2025/10/12 11:51:57 PM GMT+5,Tahira Rehman,Female,Coordinator,13,Mathematics,4,1,3,1,1,3,5,2,4,5,4,3,2,5,3,2,2,3,2,2,2.0,4.25,3.142857142857143,2.4285714285714284
2025/10/12 11:53:09 PM GMT+5,Zubair Zaidi,Female,Non Teaching Staff,17,Mathematics,2,1,2,2,5,2,5,3,3,2,1,4,1,4,2,5,2,5,5,4,2.6666666666666665,3.0,3.0,3.857142857142857
2025/10/12 11:54:20 PM GMT+5,Fatima Mirza,Female,Non Teaching Staff,12,Physics,2,1,2,1,2,2,2,3,4,2,4,3,5,2,3,3,2,5,3,4,2.0,2.5,3.7142857142857144,3.142857142857143
2025/10/12 11:55:34 PM GMT+5,Rizwan Paracha,Female,Teacher,24,Biology,2,2,3,4,5,1,3,5,4,1,5,1,3,5,5,3,5,5,3,2,3.0,2.25,3.7142857142857144,3.142857142857143
2025/10/12 11:56:45 PM GMT+5,Sohail Malik,Female,Teacher,7,Economics,1,5,2,5,3,4,4,4,2,2,3,3,5,4,2,1,1,5,1,5,3.5,3.0,3.857142857142857,2.5714285714285716
2025/10/12 11:57:37 PM GMT+5,Noor,Female,Non Teaching Staff,1,Finance,4,4,2,2,4,4,4,4,3,5,5,5,5,4,4,3,4,4,4,4,3.3333333333333335,4.0,4.428571428571429,3.7142857142857144
2025/10/12 11:57:58 PM GMT+5,Ammar Siddiqui,Male,Teacher,11,Economics,1,3,5,3,5,4,4,4,5,2,3,3,3,2,5,4,5,2,5,5,3.6666666666666665,3.75,3.2857142857142856,4.142857142857143
2025/10/12 11:59:12 PM GMT+5,Waqar Mirza,Female,Coordinator,17,Mathematics,2,3,1,4,1,4,3,2,4,5,4,2,3,3,2,4,2,1,1,1,2.0,4.0,2.2857142857142856,1.7142857142857142
2025/10/13 12:00:23 AM GMT+5,Faraz Ahmed,Female,Teacher,3,Mathematics,2,3,4,2,2,3,2,3,3,3,4,1,2,1,4,4,5,1,5,4,2.8333333333333335,2.75,2.4285714285714284,3.4285714285714284
2025/10/13 12:01:41 AM GMT+5,Sohail Paracha,Female,Coordinator,20,Chemistry,4,1,1,5,3,5,2,5,5,4,2,4,4,1,4,3,3,5,1,4,3.0,4.0,3.4285714285714284,3.0
2025/10/13 12:03:03 AM GMT+5,Hussain Rafiq,Male,Non Teaching Staff,18,Computer Science,3,1,4,2,5,1,1,4,1,1,3,2,3,2,4,4,1,2,1,5,3.3333333333333335,1.0,3.0,2.7142857142857144
2025/10/13 12:04:20 AM GMT+5,Ali Sultan,Male,Non Teaching Staff,11,Mathematics,3,4,1,3,2,3,4,1,4,2,4,2,1,2,2,1,4,5,3,3,2.6666666666666665,3.25,2.7142857142857144,2.7142857142857144
2025/10/13 12:05:39 AM GMT+5,Omar Saeed,Female,Coordinator,6,Physics,5,4,3,3,1,2,4,2,1,3,3,3,3,1,3,1,5,5,2,1,2.8333333333333335,2.5,2.7142857142857144,2.857142857142857
2025/10/13 12:06:57 AM GMT+5,Hamza Raza,Female,Teacher,6,Economics,1,3,4,2,2,4,1,3,4,4,2,2,5,2,4,4,1,5,1,4,2.6666666666666665,3.25,3.4285714285714284,3.0
2025/10/13 12:08:19 AM GMT+5,Sadia Ahmed,Female,Coordinator,9,Mathematics,1,3,3,1,3,2,1,4,3,4,3,1,3,4,4,3,4,1,5,2,2.1666666666666665,2.5,2.5714285714285716,2.7142857142857144
2025/10/13 12:09:38 AM GMT+5,Khalid Chaudhry,Male,Teacher,6,Computer Science,3,2,3,2,1,2,3,5,5,4,5,5,5,3,2,3,5,3,1,2,2.1666666666666665,3.5,3.5714285714285716,3.142857142857143
2025/10/13 12:10:57 AM GMT+5,Sohail Javed,Female,Non Teaching Staff,12,Computer Science,1,1,1,3,1,4,2,2,4,5,5,1,2,5,4,4,5,2,2,1,1.3333333333333333,3.75,2.857142857142857,2.2857142857142856
2025/10/13 12:12:18 AM GMT+5,Sumbul Butt,Male,Non Teaching Staff,7,Economics,5,5,4,4,1,3,4,4,5,1,3,5,2,4,3,3,1,3,2,4,3.8333333333333335,3.25,3.4285714285714284,3.142857142857143
2025/10/13 12:13:38 AM GMT+5,Sara Khan,Female,Teacher,1,Physics,3,2,4,3,5,3,3,2,4,1,2,4,3,3,1,2,5,4,2,5,3.6666666666666665,2.75,3.142857142857143,3.7142857142857144
2025/10/13 12:14:57 AM GMT+5,Sara Khurshid,Male,Teacher,23,Chemistry,1,2,4,3,4,2,2,5,3,4,2,2,1,3,4,1,5,5,3,3,2.8333333333333335,2.75,2.857142857142857,3.2857142857142856
2025/10/13 12:16:18 AM GMT+5,Mahnoor Iqbal,Female,Non Teaching Staff,7,Economics,4,1,2,4,5,5,2,3,5,3,3,3,1,5,3,1,3,4,5,4,3.3333333333333335,3.75,3.2857142857142856,3.142857142857143
2025/10/13 12:17:36 AM GMT+5,Farah Aslam,Female,Coordinator,20,Computer Science,1,4,5,1,2,4,3,1,2,4,2,1,2,5,5,1,1,1,1,4,2.8333333333333335,3.25,2.857142857142857,2.0
2025/10/13 12:18:55 AM GMT+5,Hassan Aslam,Male,Non Teaching Staff,15,Economics,3,4,5,1,2,2,1,5,4,3,3,3,2,5,4,2,5,3,3,4,3.1666666666666665,2.5,3.4285714285714284,3.5714285714285716
2025/10/13 12:20:15 AM GMT+5,Sarmad Nawaz,Female,Teacher,0,Economics,3,4,3,3,3,2,1,5,2,2,5,1,2,2,3,2,3,4,5,3,3.1666666666666665,1.75,2.857142857142857,3.0
2025/10/13 12:21:32 AM GMT+5,Sumbul Javed,Female,Teacher,0,English,2,1,5,1,2,5,2,4,4,1,3,3,3,1,3,1,4,4,5,3,2.3333333333333335,3.0,2.857142857142857,3.5714285714285716
2025/10/13 12:22:48 AM GMT+5,Imran Iqbal,Male,Teacher,20,English,3,5,4,3,3,1,4,5,2,2,3,2,2,1,5,1,4,4,2,1,3.1666666666666665,2.25,2.5714285714285716,2.5714285714285716
2025/10/13 12:24:08 AM GMT+5,Sidra Hussain,Male,Coordinator,6,Mathematics,3,3,1,4,4,5,4,4,4,4,2,4,1,4,2,5,4,5,2,3,3.0,4.25,3.0,3.4285714285714284
2025/10/13 12:25:26 AM GMT+5,Ammar Hashmi,Male,Coordinator,7,Chemistry,5,2,4,3,5,3,3,3,5,5,3,2,4,4,3,1,4,4,3,4,3.8333333333333335,4.0,3.4285714285714284,3.142857142857143
2025/10/13 12:26:47 AM GMT+5,Noreen Bhatti,Female,Non Teaching Staff,21,Chemistry,3,2,4,1,3,1,5,2,4,5,1,3,3,5,4,3,4,1,3,3,2.6666666666666665,3.75,2.857142857142857,3.0
2025/10/13 12:28:05 AM GMT+5,Tahira Qureshi,Male,Coordinator,24,Physics,2,5,2,1,1,5,4,2,5,1,2,1,5,4,1,4,3,5,2,5,2.6666666666666665,3.75,3.2857142857142856,3.142857142857143
2025/10/13 12:29:27 AM GMT+5,Waqas Qureshi,Female,Coordinator,25,English,1,3,1,2,2,4,4,3,2,1,1,4,3,1,2,2,4,3,5,2,1.8333333333333333,2.75,2.2857142857142856,3.0
2025/10/13 12:30:47 AM GMT+5,Waqar Rafiq,Female,Non Teaching Staff,0,Chemistry,2,5,5,2,1,2,4,2,3,1,1,3,3,5,5,1,1,1,4,4,3.1666666666666665,2.5,3.142857142857143,2.7142857142857144
2025/10/13 12:32:09 AM GMT+5,Nida Rafiq,Female,Teacher,24,Physics,5,5,5,3,2,4,4,1,1,3,5,1,2,3,4,2,3,2,3,1,3.5,3.0,2.5714285714285716,2.4285714285714284
2025/10/13 12:33:28 AM GMT+5,Quratulain Zaidi,Female,Teacher,24,Mathematics,4,1,4,3,3,5,5,2,5,4,3,3,5,4,4,4,5,4,4,1,2.6666666666666665,4.75,3.4285714285714284,3.5714285714285716
2025/10/13 12:34:47 AM GMT+5,Zainab Shah,Male,Teacher,8,Biology,1,4,2,5,4,3,4,1,3,2,2,1,5,5,1,2,1,2,3,2,3.0,3.0,2.5714285714285716,1.8571428571428572
2025/10/13 12:36:09 AM GMT+5,Faraz Anwar,Male,Coordinator,11,Physics,4,2,1,4,3,2,5,3,3,3,5,3,3,3,5,3,3,4,3,4,3.0,3.25,3.857142857142857,3.0
2025/10/13 12:37:28 AM GMT+5,Sana Rafiq,Male,Teacher,23,Mathematics,1,5,1,5,5,5,2,4,1,4,2,1,2,4,3,2,5,2,3,4,3.5,3.0,2.5714285714285716,2.5714285714285716
2025/10/13 12:38:50 AM GMT+5,Ammar Siddiqui,Male,Teacher,8,Computer Science,3,1,1,3,2,3,3,2,1,1,4,1,3,5,4,4,4,3,2,3,2.1666666666666665,2.0,3.2857142857142856,2.5714285714285716
2025/10/13 12:40:08 AM GMT+5,Bilal Saeed,Male,Non Teaching Staff,8,Physics,4,3,1,3,4,4,3,5,5,1,1,1,2,1,2,1,3,5,4,2,2.8333333333333335,3.25,2.0,2.4285714285714284
2025/10/13 12:41:29 AM GMT+5,Omar Rehman,Female,Non Teaching Staff,0,Computer Science,5,2,1,4,1,3,3,3,2,2,2,1,2,2,2,5,4,2,4,5,3.0,2.5,2.2857142857142856,3.142857142857143
2025/10/13 12:42:53 AM GMT+5,Nida Khalid,Male,Coordinator,2,Chemistry,5,1,2,1,3,3,3,4,5,5,1,5,3,5,3,1,5,2,5,1,2.1666666666666665,4.0,2.857142857142857,3.0
2025/10/13 12:44:12 AM GMT+5,Zara Malik,Male,Non Teaching Staff,2,English,2,2,4,1,5,1,4,1,4,2,1,5,2,3,4,1,3,2,5,3,2.8333333333333335,2.75,2.857142857142857,3.2857142857142856
2025/10/13 12:45:31 AM GMT+5,Nida Saeed,Male,Teacher,8,Physics,5,2,2,1,3,4,2,4,5,1,3,4,1,3,3,5,4,3,2,2,2.5,3.0,2.7142857142857144,3.142857142857143
2025/10/13 12:46:52 AM GMT+5,Asad Raza,Female,Non Teaching Staff,12,Chemistry,4,1,5,5,2,2,5,1,3,1,3,2,3,3,4,4,3,5,4,2,3.1666666666666665,2.75,3.142857142857143,3.5714285714285716
2025/10/13 12:48:13 AM GMT+5,Ammar Raza,Female,Teacher,21,Biology,5,1,4,1,5,2,1,4,4,2,1,3,2,4,1,1,2,1,1,5,3.5,2.25,2.4285714285714284,2.4285714285714284
2025/10/13 12:49:32 AM GMT+5,Rabia Rafiq,Male,Coordinator,9,Mathematics,2,4,5,5,4,1,4,1,4,4,5,2,2,1,4,2,5,3,5,2,3.6666666666666665,3.25,2.7142857142857144,3.4285714285714284
2025/10/13 12:50:53 AM GMT+5,Noor Sultan,Female,Teacher,24,Economics,3,1,2,5,4,4,2,4,4,1,5,2,5,3,5,4,5,1,2,5,3.3333333333333335,2.75,3.7142857142857144,3.0
2025/10/13 12:52:11 AM GMT+5,Maha Chaudhry,Male,Non Teaching Staff,25,Economics,4,4,2,2,1,4,4,1,4,3,1,4,3,5,2,5,2,4,2,1,2.3333333333333335,3.75,2.857142857142857,2.857142857142857
2025/10/13 12:53:31 AM GMT+5,Omar Khan,Female,Teacher,0,Biology,5,5,5,4,2,2,2,2,3,4,1,5,4,1,4,4,4,3,4,3,4.0,2.75,3.0,4.0
2025/10/13 12:54:51 AM GMT+5,Hina Hameed,Male,Coordinator,15,Mathematics,5,3,2,3,4,5,4,2,5,3,4,1,4,3,2,4,4,2,5,1,3.0,4.25,2.4285714285714284,2.7142857142857144
2025/10/13 12:56:10 AM GMT+5,Hussain Khan,Male,Non Teaching Staff,1,English,5,3,1,5,3,2,3,2,4,4,5,2,3,3,3,2,1,4,4,3,3.3333333333333335,3.25,3.2857142857142856,2.4285714285714284
2025/10/13 12:57:30 AM GMT+5,Amna Javed,Male,Non Teaching Staff,19,English,1,4,4,5,5,5,1,4,5,2,4,3,3,4,3,4,4,2,2,5,4.0,3.25,3.4285714285714284,3.4285714285714284
2025/10/13 12:58:51 AM GMT+5,Sarmad Siddiqui,Female,Teacher,14,Chemistry,5,5,4,4,4,4,5,3,2,4,1,5,1,2,3,3,4,2,3,2,4.0,3.75,2.2857142857142856,3.2857142857142856
2025/10/13 1:00:10 AM GMT+5,Shahzad Rehman,Female,Non Teaching Staff,12,Biology,2,1,2,2,4,1,2,5,5,2,5,4,1,1,3,2,1,3,4,4,2.5,2.5,3.0,2.857142857142857
2025/10/13 1:01:31 AM GMT+5,Rida Saeed,Female,Non Teaching Staff,22,Computer Science,5,1,1,1,3,2,2,1,4,2,1,1,4,2,3,3,3,5,5,2,2.1666666666666665,2.5,2.5714285714285716,2.857142857142857
2025/10/13 1:02:48 AM GMT+5,Iqra Paracha,Male,Coordinator,23,Biology,2,5,3,3,1,5,3,3,1,5,4,5,4,2,4,5,1,4,3,2,2.6666666666666665,3.5,3.5714285714285716,3.2857142857142856
2025/10/13 1:04:09 AM GMT+5,Maryam Malik,Male,Teacher,20,Mathematics,4,4,5,4,2,4,3,4,4,4,3,3,1,4,3,2,1,5,5,4,3.8333333333333335,3.75,3.2857142857142856,3.5714285714285716
2025/10/13 1:05:31 AM GMT+5,Amna Anwar,Female,Non Teaching Staff,22,English,5,3,2,3,4,3,2,4,4,2,3,2,5,2,1,1,4,4,2,4,3.5,2.75,3.0,2.7142857142857144
2025/10/13 1:06:51 AM GMT+5,Shazia Farooq,Male,Teacher,24,Mathematics,2,4,4,5,5,5,5,4,1,4,2,2,3,1,2,1,5,1,1,1,3.5,3.75,1.7142857142857142,2.142857142857143
2025/10/13 1:08:11 AM GMT+5,Saim Khalid,Male,Non Teaching Staff,25,Chemistry,2,5,4,5,5,1,2,1,3,1,4,2,1,4,3,5,3,4,4,2,3.8333333333333335,1.75,2.857142857142857,3.4285714285714284
2025/10/13 1:09:31 AM GMT+5,Farah Rafiq,Female,Teacher,5,Computer Science,3,4,5,2,4,2,3,2,1,1,1,1,2,5,4,3,2,3,2,3,3.5,1.75,2.7142857142857144,2.7142857142857144
2025/10/13 1:10:49 AM GMT+5,Sidra Shah,Female,Non Teaching Staff,8,Physics,2,3,1,5,2,5,5,2,1,5,4,4,5,1,5,4,1,4,3,1,2.3333333333333335,4.0,3.4285714285714284,2.5714285714285716
2025/10/13 1:12:10 AM GMT+5,Ayesha Iqbal,Male,Teacher,11,Chemistry,5,5,1,2,5,3,1,3,2,2,2,3,3,3,5,3,2,2,1,4,3.6666666666666665,2.0,3.142857142857143,2.2857142857142856
2025/10/13 1:13:33 AM GMT+5,Nadeem Zaidi,Female,Teacher,21,Computer Science,3,5,3,3,2,5,3,1,3,2,3,2,1,3,4,4,1,3,1,1,2.8333333333333335,3.25,2.4285714285714284,2.142857142857143
2025/10/13 1:14:53 AM GMT+5,Hussain Mirza,Male,Teacher,20,Mathematics,5,4,2,2,1,5,3,4,1,3,4,3,1,5,1,3,1,1,4,4,3.0,3.0,2.7142857142857144,2.5714285714285716
2025/10/13 1:16:12 AM GMT+5,Zara Hashmi,Male,Non Teaching Staff,6,Computer Science,2,1,1,1,5,1,3,3,4,2,4,3,4,3,4,5,5,2,1,2,2.0,2.5,3.142857142857143,2.7142857142857144
2025/10/13 1:17:31 AM GMT+5,Fatima Saeed,Female,Teacher,15,Physics,2,5,2,3,3,4,5,2,4,3,1,1,5,3,1,5,3,5,5,1,2.6666666666666665,4.0,2.4285714285714284,3.142857142857143
2025/10/13 1:18:52 AM GMT+5,Zain Butt,Male,Non Teaching Staff,4,Economics,4,2,4,5,2,5,3,4,3,1,5,4,5,3,4,3,4,5,2,2,3.1666666666666665,3.0,4.0,3.4285714285714284
2025/10/13 1:20:11 AM GMT+5,Maryam Rehman,Male,Teacher,4,English,3,4,1,1,4,5,4,2,2,2,5,2,3,5,4,4,3,2,4,3,2.6666666666666665,3.25,3.4285714285714284,2.7142857142857144
2025/10/13 1:21:30 AM GMT+5,Amna Farooq,Female,Non Teaching Staff,22,English,4,5,1,4,2,1,3,2,3,2,4,4,3,4,5,1,2,2,2,5,3.5,2.25,3.857142857142857,2.4285714285714284
2025/10/13 1:22:53 AM GMT+5,Quratulain Paracha,Female,Teacher,17,Physics,2,1,3,3,2,1,1,5,3,4,4,4,2,1,4,3,2,3,2,5,2.6666666666666665,2.25,3.2857142857142856,3.142857142857143
2025/10/13 1:24:16 AM GMT+5,Waqas Khan,Female,Teacher,22,English,4,2,5,4,1,2,2,1,2,5,4,5,3,1,1,5,4,5,4,2,3.0,2.75,3.0,4.285714285714286
2025/10/13 1:25:38 AM GMT+5,Saim Aslam,Female,Coordinator,14,English,4,4,3,1,2,3,3,1,1,2,5,1,4,2,2,1,4,2,2,5,3.1666666666666665,2.25,3.0,2.5714285714285716
2025/10/13 1:26:58 AM GMT+5,Mahnoor Hussain,Male,Teacher,15,Chemistry,4,1,5,4,5,3,3,1,1,2,3,5,5,1,3,2,2,3,2,2,3.5,2.25,3.142857142857143,3.0
2025/10/13 1:28:18 AM GMT+5,Komal Hameed,Male,Coordinator,6,Mathematics,2,2,5,4,3,5,4,2,4,4,1,5,5,2,4,4,5,2,3,3,3.1666666666666665,4.25,3.142857142857143,3.857142857142857
2025/10/13 1:29:37 AM GMT+5,Mazhar Malik,Male,Non Teaching Staff,20,Mathematics,4,5,4,2,4,2,1,2,3,2,3,3,1,4,3,4,5,3,1,4,3.8333333333333335,2.0,3.0,3.4285714285714284
2025/10/13 1:30:57 AM GMT+5,Hussain Sultan,Male,Teacher,16,Economics,3,3,2,3,4,4,1,5,1,2,4,5,4,3,3,5,1,3,5,4,3.1666666666666665,2.0,3.7142857142857144,3.5714285714285716
2025/10/13 1:32:19 AM GMT+5,Asad Raza,Female,Coordinator,8,Computer Science,3,1,1,5,5,1,1,1,3,1,1,2,2,3,1,4,1,5,4,4,3.1666666666666665,1.5,2.5714285714285716,3.0
2025/10/13 1:33:39 AM GMT+5,Omar Hussain,Female,Coordinator,14,English,1,3,2,2,2,3,1,1,5,2,2,4,2,1,2,3,4,5,4,2,2.0,2.75,2.5714285714285716,3.4285714285714284
2025/10/13 1:34:58 AM GMT+5,Maryam Saeed,Female,Coordinator,7,English,3,2,4,4,2,3,3,2,4,5,3,4,4,4,1,4,2,5,2,3,3.0,3.75,3.4285714285714284,3.4285714285714284
2025/10/13 1:36:17 AM GMT+5,Ahmed Ahmed,Female,Teacher,9,Physics,2,1,3,3,5,5,1,2,4,1,3,4,4,1,2,5,5,5,3,5,3.1666666666666665,2.75,3.4285714285714284,4.285714285714286
2025/10/13 1:37:40 AM GMT+5,Amna Hussain,Male,Coordinator,9,Biology,3,5,4,2,3,2,3,4,3,4,2,5,4,2,2,4,4,1,3,1,3.0,3.0,2.4285714285714284,3.142857142857143
2025/10/13 1:39:01 AM GMT+5,Faisal Siddiqui,Female,Teacher,25,Physics,5,3,5,1,1,2,1,4,1,3,1,3,4,3,5,4,2,4,3,2,2.8333333333333335,1.75,3.142857142857143,3.2857142857142856
2025/10/13 1:40:20 AM GMT+5,Saim Shah,Male,Coordinator,12,Physics,1,4,4,5,1,4,4,1,5,1,5,2,1,4,2,1,4,3,5,4,3.1666666666666665,3.5,3.0,3.2857142857142856
2025/10/13 1:41:45 AM GMT+5,Sohail Rafiq,Male,Non Teaching Staff,7,Mathematics,3,1,4,4,5,4,5,5,4,3,4,3,5,3,3,2,2,3,5,3,3.3333333333333335,4.0,3.4285714285714284,3.142857142857143
2025/10/13 1:43:07 AM GMT+5,Waqas Saeed,Male,Non Teaching Staff,9,Mathematics,2,1,1,2,5,5,1,2,1,3,2,2,2,1,1,4,2,4,4,2,2.1666666666666665,2.5,2.0,2.7142857142857144
2025/10/13 1:44:27 AM GMT+5,Maha Hussain,Female,Teacher,11,Physics,2,4,4,4,5,3,5,5,5,1,2,5,3,3,2,5,2,2,4,2,3.5,3.5,2.7142857142857144,3.4285714285714284
2025/10/13 1:45:44 AM GMT+5,Shazia Chaudhry,Female,Teacher,1,Computer Science,2,2,5,3,3,1,5,2,2,1,1,2,2,1,4,2,4,5,3,5,3.3333333333333335,2.25,2.857142857142857,3.7142857142857144
2025/10/13 1:47:04 AM GMT+5,Adil Iqbal,Female,Teacher,25,English,2,1,5,5,3,3,2,5,1,5,1,3,4,1,2,1,4,2,3,3,3.1666666666666665,2.75,2.2857142857142856,3.0
2025/10/13 1:48:24 AM GMT+5,Ayesha Chaudhry,Male,Teacher,21,Economics,5,5,2,3,5,1,5,4,1,3,1,5,5,1,2,3,4,5,4,2,3.6666666666666665,2.5,3.0,3.5714285714285716
2025/10/13 1:49:44 AM GMT+5,Rubina Malik,Male,Non Teaching Staff,25,Physics,5,2,4,4,4,1,1,4,2,5,1,2,5,5,4,4,5,4,1,2,3.5,2.25,3.2857142857142856,3.142857142857143
2025/10/13 1:51:04 AM GMT+5,Faisal Hussain,Female,Non Teaching Staff,19,Mathematics,5,4,5,3,4,1,4,2,2,4,1,3,5,2,5,3,4,1,1,3,4.0,2.75,2.857142857142857,2.857142857142857
2025/10/13 1:52:25 AM GMT+5,Waqas Saeed,Male,Coordinator,21,Computer Science,2,2,1,5,4,5,5,3,2,4,1,1,1,3,2,5,4,3,5,1,2.5,4.0,1.7142857142857142,2.857142857142857
2025/10/13 1:53:44 AM GMT+5,Tahira Mirza,Male,Non Teaching Staff,3,English,5,4,5,5,5,3,3,4,4,3,3,1,3,3,1,4,5,1,5,4,4.666666666666667,3.25,2.2857142857142856,3.5714285714285716
2025/10/13 1:55:02 AM GMT+5,Mahnoor Aslam,Male,Non Teaching Staff,14,Computer Science,2,4,5,5,3,1,5,2,1,1,5,3,3,3,1,5,3,4,4,5,4.0,2.0,3.4285714285714284,4.142857142857143
2025/10/13 1:56:22 AM GMT+5,Faisal Abbasi,Male,Non Teaching Staff,3,Chemistry,3,3,1,1,2,5,3,4,5,5,2,4,3,3,5,5,3,3,2,3,2.1666666666666665,4.5,3.2857142857142856,3.0
2025/10/13 1:57:43 AM GMT+5,Hamza Nawaz,Male,Coordinator,7,Physics,5,3,2,5,2,2,4,3,5,5,1,2,5,3,2,3,1,3,3,5,3.6666666666666665,4.0,3.0,2.7142857142857144
2025/10/13 1:59:01 AM GMT+5,Rizwan Rehman,Female,Non Teaching Staff,21,Chemistry,1,1,2,1,2,3,4,3,3,3,2,2,3,3,1,2,2,2,4,1,1.3333333333333333,3.25,2.0,2.142857142857143
2025/10/13 2:00:21 AM GMT+5,Usman Khalid,Male,Teacher,0,English,3,4,2,3,3,3,1,3,4,2,2,3,3,4,2,1,1,4,3,2,2.8333333333333335,2.5,2.857142857142857,2.2857142857142856
2025/10/13 2:01:43 AM GMT+5,Nadeem Siddiqui,Female,Coordinator,21,Economics,3,5,2,4,4,1,5,4,3,4,1,1,2,1,4,2,2,2,1,4,3.6666666666666665,3.25,2.142857142857143,2.0
2025/10/13 2:03:03 AM GMT+5,Farah Paracha,Male,Coordinator,16,Chemistry,5,2,2,3,2,4,3,3,1,5,3,5,2,2,2,3,1,2,2,5,3.1666666666666665,3.25,3.0,2.857142857142857
2025/10/13 2:04:24 AM GMT+5,Aalia Rehman,Male,Teacher,18,Mathematics,2,4,4,4,3,3,1,2,1,2,1,2,3,1,3,1,2,2,5,2,3.1666666666666665,1.75,2.0,2.5714285714285716
2025/10/13 2:05:45 AM GMT+5,Rida Abbasi,Female,Non Teaching Staff,12,Mathematics,1,5,4,5,3,1,1,5,4,4,4,2,2,1,1,4,3,1,3,3,3.5,2.5,2.0,2.857142857142857
2025/10/13 2:07:04 AM GMT+5,Junaid Paracha,Female,Coordinator,21,Physics,1,1,2,4,3,3,3,4,3,1,1,3,3,4,3,1,2,5,1,3,2.3333333333333335,2.5,3.142857142857143,2.4285714285714284
2025/10/13 2:08:24 AM GMT+5,Maryam Bhatti,Female,Coordinator,12,Computer Science,5,3,4,5,3,4,1,4,3,5,4,1,1,3,5,5,2,4,1,5,4.166666666666667,3.25,3.2857142857142856,3.142857142857143
2025/10/13 2:09:45 AM GMT+5,Rida Aziz,Female,Coordinator,0,English,1,5,3,4,4,3,5,4,1,2,1,4,5,1,5,2,5,3,2,4,3.5,2.75,3.2857142857142856,3.2857142857142856
2025/10/13 2:11:05 AM GMT+5,Zainab Rehman,Male,Teacher,13,Economics,2,2,3,2,4,2,1,2,3,4,3,2,2,4,2,1,1,4,1,5,3.0,2.5,3.142857142857143,2.4285714285714284
2025/10/13 2:12:26 AM GMT+5,Quratulain Saeed,Female,Coordinator,25,English,1,2,2,4,3,5,1,4,3,4,2,1,4,1,4,5,1,3,4,5,2.8333333333333335,3.25,2.857142857142857,3.0
2025/10/13 2:13:51 AM GMT+5,Rubina Mirza,Female,Coordinator,17,Economics,5,5,2,4,2,4,3,3,4,1,1,1,2,5,1,5,5,5,4,3,3.5,3.0,2.5714285714285716,3.5714285714285716
2025/10/13 2:15:01 AM GMT+5,Noor Farooq,Female,Coordinator,3,English,3,3,4,4,4,2,2,4,1,1,4,4,3,2,4,1,3,2,4,3,3.5,1.5,3.142857142857143,3.0
2025/10/13 2:16:13 AM GMT+5,Komal Rafiq,Female,Non Teaching Staff,11,English,2,3,5,4,2,4,5,5,3,5,4,5,2,5,1,3,3,4,5,4,3.3333333333333335,4.25,3.5714285714285716,4.142857142857143
2025/10/13 2:17:22 AM GMT+5,Muhammad Raza,Female,Coordinator,5,English,2,5,1,5,4,2,3,3,2,4,1,4,4,4,1,2,3,4,5,2,3.1666666666666665,2.75,2.857142857142857,3.0
2025/10/13 2:18:34 AM GMT+5,Rabia Iqbal,Male,Coordinator,6,English,1,5,2,5,2,1,5,2,4,4,3,2,1,3,2,1,5,4,1,5,3.3333333333333335,3.5,2.857142857142857,2.857142857142857
2025/10/13 2:19:46 AM GMT+5,Sadia Hameed,Male,Coordinator,23,Chemistry,2,5,5,5,5,2,1,1,2,1,2,5,2,1,4,2,1,1,2,1,3.8333333333333335,1.5,2.2857142857142856,2.4285714285714284
2025/10/13 2:20:57 AM GMT+5,Junaid Farooq,Male,Coordinator,9,English,4,2,3,2,5,3,4,2,4,2,1,5,2,1,1,4,3,1,4,1,2.8333333333333335,3.25,1.7142857142857142,3.0
2025/10/13 2:22:07 AM GMT+5,Sidra Javed,Female,Teacher,14,English,5,1,1,3,4,4,5,3,4,5,2,4,2,4,1,2,3,2,5,3,2.8333333333333335,4.5,2.5714285714285716,2.857142857142857
2025/10/13 2:23:20 AM GMT+5,Saim Rehman,Male,Coordinator,9,English,1,3,4,3,3,3,5,3,5,1,5,1,4,5,3,4,2,5,2,4,3.0,3.5,3.857142857142857,3.142857142857143
2025/10/13 2:24:30 AM GMT+5,Nadeem Butt,Male,Teacher,22,English,2,1,5,2,2,4,2,4,4,4,1,3,4,2,3,5,4,2,2,3,2.5,3.5,2.5714285714285716,3.4285714285714284
2025/10/13 2:25:41 AM GMT+5,Tahira Raza,Male,Teacher,23,Physics,3,5,5,4,2,2,1,3,4,4,4,1,1,2,3,3,1,2,5,2,3.5,2.75,2.142857142857143,2.7142857142857144
2025/10/13 2:26:53 AM GMT+5,Nida Zaidi,Male,Coordinator,11,Mathematics,2,5,4,2,2,2,1,5,1,5,5,3,1,2,4,3,5,4,2,1,2.6666666666666665,2.25,2.857142857142857,3.142857142857143
2025/10/13 2:28:05 AM GMT+5,Usman Farooq,Male,Coordinator,23,English,4,4,2,5,4,5,4,5,5,4,5,5,3,5,5,4,3,1,1,5,4.0,4.5,4.142857142857143,3.0
2025/10/13 2:29:16 AM GMT+5,Hussain Rafiq,Female,Coordinator,13,Mathematics,3,4,5,3,5,2,4,3,2,5,5,1,2,5,4,4,3,1,4,5,4.166666666666667,3.25,3.2857142857142856,3.2857142857142856
2025/10/13 2:30:26 AM GMT+5,Ali Anwar,Female,Non Teaching Staff,16,English,1,2,1,1,1,3,1,4,4,5,5,5,4,3,4,2,2,3,3,2,1.3333333333333333,3.25,3.7142857142857144,2.5714285714285716
2025/10/13 2:31:43 AM GMT+5,Bushra Khalid,Female,Coordinator,11,Biology,3,3,1,3,1,5,3,3,1,1,2,3,2,1,1,2,1,5,5,2,2.1666666666666665,2.5,2.2857142857142856,2.7142857142857144
2025/10/13 5:36:52 AM GMT+5,Hassan khan,Male,Teacher,2024,Computer science,4,4,3,2,4,4,4,4,4,4,4,4,4,5,4,4,4,4,4,4,3.5,4.0,4.142857142857143,3.857142857142857
2025/10/14 11:58:42 AM GMT+5,wasif,Male,Teacher,2,Cs,4,4,4,2,4,4,4,3,4,5,4,5,4,4,4,3,4,3,4,3,3.5,4.25,3.857142857142857,3.7142857142857144
2025/10/15 1:49:36 AM GMT+5,Ali Aziz,Female,Non Teaching Staff,2,Physics,3,1,5,5,5,2,3,4,2,3,1,3,4,3,5,1,5,1,3,1,3.3333333333333335,2.5,2.5714285714285716,2.7142857142857144
2025/10/15 1:51:07 AM GMT+5,Shazia Javed,Female,Coordinator,0,Computer Science,3,1,5,3,5,1,4,3,4,1,3,1,3,3,1,2,3,4,2,4,3.5,2.5,2.7142857142857144,3.0
2025/10/15 1:52:44 AM GMT+5,Ammar Abbasi,Female,Non Teaching Staff,5,Mathematics,5,1,4,3,3,3,4,2,4,3,4,5,2,2,3,4,5,2,5,4,3.3333333333333335,3.5,3.142857142857143,4.142857142857143
2025/10/15 1:54:16 AM GMT+5,Farah Shah,Female,Coordinator,2,Computer Science,2,1,2,2,1,1,4,3,3,4,5,1,5,1,1,1,1,3,3,3,1.8333333333333333,3.0,2.7142857142857144,2.0
2025/10/15 1:55:49 AM GMT+5,Fatima Paracha,Female,Teacher,14,Physics,4,4,1,2,5,5,3,5,1,3,4,4,5,2,3,4,1,2,3,2,3.0,3.0,3.142857142857143,2.4285714285714284
2025/10/15 1:57:16 AM GMT+5,Omar Ahmed,Male,Teacher,20,Economics,3,5,4,3,4,1,3,4,1,2,3,5,1,1,1,4,2,2,3,1,3.3333333333333335,1.75,2.0,3.0
2025/10/15 1:58:51 AM GMT+5,Khalid Sultan,Female,Non Teaching Staff,13,Physics,4,2,4,1,5,3,3,3,4,4,4,5,3,2,3,4,1,3,1,2,3.0,3.5,3.142857142857143,2.857142857142857
2025/10/15 2:00:23 AM GMT+5,Maryam Aslam,Female,Teacher,11,Chemistry,5,1,1,4,3,5,4,3,2,5,1,2,1,3,4,5,4,1,2,1,2.5,4.0,1.8571428571428572,2.2857142857142856
2025/10/15 2:01:54 AM GMT+5,Tariq Farooq,Male,Non Teaching Staff,19,Biology,3,1,4,2,1,1,2,2,4,1,3,1,2,2,1,3,4,1,5,4,2.5,2.0,2.0,3.142857142857143
